"fact";"Y4";"Y5";"fact2"
"A";-0.715242187222796;1.30821123122816;"a"
"B";1.24731103178226;1.50011927886055;"a"
"A";-0.938538703606894;0.74418827751536;"b"
"B";0.947486720661263;0.973619120876903;"b"
"A";-0.437159533180399;-1.71761648619637;"c"
"B";2.33117917295898;-1.52435609638942;"c"
"A";-2.01421049792072;-0.589325621903524;"d"
"B";2.21198043337229;-0.414894450879132;"d"
"A";1.23667504641657;-0.345438253604719;"e"
"B";4.03757401824044;-0.157275580345751;"e"
